dataset,horizon,model,n,mse_mean,mse_std,mae_mean,mae_std,source
ETTh1,96,Adaptive PhaseGate,16,0.374136625,0.001666608,0.390928312,0.000887370,parallel_run_20260509_134027
ETTh1,96,FullContextDelta,16,0.374189125,0.002195852,0.390860625,0.001251462,parallel_run_20260508_212616
ETTh1,96,CrossBranchPhaseGate,16,0.374066063,0.001666243,0.390700875,0.000812530,parallel_run_20260503_131828
ETTh1,96,CrossBranchGate,16,0.373915438,0.002298590,0.390706875,0.001368936,parallel_run_20260503_131828
ETTh1,96,FRWKV,16,0.373343312,0.001832306,0.390175250,0.000980336,parallel_run_20260503_130521+parallel_run_20260503_131828
ETTh1,192,Adaptive PhaseGate,16,0.428499375,0.003076341,0.422024063,0.001683305,parallel_run_20260509_134027
ETTh1,192,FullContextDelta,16,0.428526813,0.002505771,0.422047063,0.000823008,parallel_run_20260508_212616
ETTh1,192,CrossBranchPhaseGate,16,0.429079250,0.003038140,0.422112750,0.001713412,parallel_run_20260503_131828
ETTh1,192,CrossBranchGate,16,0.428534750,0.003624419,0.422102625,0.002159028,parallel_run_20260503_131828
ETTh1,192,FRWKV,16,0.429365687,0.002437696,0.422128063,0.001167940,parallel_run_20260503_131828
ETTh1,336,Adaptive PhaseGate,16,0.471206125,0.005379430,0.444369687,0.002869374,parallel_run_20260509_134027
ETTh1,336,FullContextDelta,16,0.468743187,0.002353373,0.442464313,0.001319990,parallel_run_20260508_212616
ETTh1,336,CrossBranchPhaseGate,16,0.469275188,0.003839719,0.443499562,0.002464794,parallel_run_20260503_131828
ETTh1,336,CrossBranchGate,16,0.471182938,0.004748000,0.444109688,0.002488254,parallel_run_20260503_131828
ETTh1,336,FRWKV,16,0.469540000,0.004196700,0.443360313,0.002435813,parallel_run_20260503_131828
ETTh1,720,Adaptive PhaseGate,16,0.482408625,0.010215409,0.472068312,0.004113700,parallel_run_20260509_134027
ETTh1,720,FullContextDelta,16,0.482314187,0.011663605,0.471987250,0.005988873,parallel_run_20260508_212616
ETTh1,720,CrossBranchPhaseGate,16,0.482712625,0.008648738,0.472205938,0.004567426,parallel_run_20260503_131828
ETTh1,720,CrossBranchGate,16,0.476936875,0.006696462,0.469990688,0.004089183,parallel_run_20260503_131828
ETTh1,720,FRWKV,16,0.479415125,0.007347064,0.471651750,0.003104557,parallel_run_20260503_131828
ETTh2,96,Adaptive PhaseGate,16,0.284165000,0.003160498,0.330459063,0.001609274,parallel_run_20260509_134027
ETTh2,96,FullContextDelta,16,0.285233875,0.004347643,0.330758687,0.002197266,parallel_run_20260508_212616
ETTh2,96,CrossBranchPhaseGate,16,0.285077187,0.002398165,0.330614187,0.000967636,parallel_run_20260503_131828
ETTh2,96,CrossBranchGate,16,0.284809688,0.003415873,0.331032188,0.002085131,parallel_run_20260503_131828
ETTh2,96,FRWKV,16,0.284185125,0.002755996,0.329839063,0.001368572,parallel_run_20260503_131828
ETTh2,192,Adaptive PhaseGate,16,0.362977563,0.002026526,0.381686813,0.001534513,parallel_run_20260509_134027
ETTh2,192,FullContextDelta,16,0.363350312,0.003404115,0.382027438,0.001817166,parallel_run_20260508_212616
ETTh2,192,CrossBranchPhaseGate,16,0.364143375,0.002912953,0.381688875,0.001785791,parallel_run_20260503_131828
ETTh2,192,CrossBranchGate,16,0.363824000,0.003292426,0.382073563,0.001642539,parallel_run_20260503_131828
ETTh2,192,FRWKV,16,0.362745812,0.002876555,0.381003250,0.001436530,parallel_run_20260503_131828
ETTh2,336,Adaptive PhaseGate,16,0.403385500,0.003448350,0.413564000,0.002011685,parallel_run_20260509_134027
ETTh2,336,FullContextDelta,16,0.404382438,0.005695787,0.413775875,0.003165668,parallel_run_20260508_212616
ETTh2,336,CrossBranchPhaseGate,16,0.405620375,0.004408700,0.414587563,0.002183697,parallel_run_20260503_131828
ETTh2,336,CrossBranchGate,16,0.404536125,0.003836463,0.414465875,0.002291917,parallel_run_20260503_131828
ETTh2,336,FRWKV,16,0.404737500,0.003366942,0.413825000,0.001843737,parallel_run_20260503_131828
ETTh2,720,Adaptive PhaseGate,16,0.420900125,0.005405377,0.434042062,0.002623849,parallel_run_20260509_134027
ETTh2,720,FullContextDelta,16,0.423347937,0.007026158,0.435487500,0.003535952,parallel_run_20260508_212616
ETTh2,720,CrossBranchPhaseGate,16,0.423211125,0.008365353,0.435566250,0.004483347,parallel_run_20260503_131828
ETTh2,720,CrossBranchGate,16,0.421022750,0.006630024,0.434643563,0.003072685,parallel_run_20260503_131828
ETTh2,720,FRWKV,16,0.422395375,0.007374606,0.435793500,0.003688582,parallel_run_20260503_131828
ETTm1,96,Adaptive PhaseGate,16,0.314072187,0.002235199,0.344502625,0.001448490,parallel_run_20260509_134027
ETTm1,96,FullContextDelta,16,0.315175750,0.003308007,0.344898750,0.001828363,parallel_run_20260508_212616
ETTm1,96,CrossBranchPhaseGate,16,0.314558250,0.003152712,0.344474250,0.002065704,parallel_run_20260503_131828
ETTm1,96,CrossBranchGate,16,0.315927187,0.002919741,0.345399750,0.001577084,parallel_run_20260503_131828
ETTm1,96,FRWKV,16,0.315895812,0.002989368,0.345753062,0.001570915,parallel_run_20260503_131828
ETTm1,192,Adaptive PhaseGate,16,0.360702688,0.001478900,0.371155313,0.001384787,parallel_run_20260509_134027
ETTm1,192,FullContextDelta,16,0.360448188,0.002029978,0.370973500,0.001664970,parallel_run_20260508_212616
ETTm1,192,CrossBranchPhaseGate,16,0.360574875,0.002099351,0.371114375,0.001335981,parallel_run_20260503_131828
ETTm1,192,CrossBranchGate,16,0.360544875,0.001880121,0.370961000,0.001561544,parallel_run_20260503_131828
ETTm1,192,FRWKV,16,0.361021062,0.003192193,0.370932000,0.002207028,parallel_run_20260503_131828
ETTm1,336,Adaptive PhaseGate,16,0.392991313,0.003659166,0.394098938,0.002387582,parallel_run_20260509_134027
ETTm1,336,FullContextDelta,16,0.391355687,0.002510335,0.392504750,0.002155218,parallel_run_20260508_212616
ETTm1,336,CrossBranchPhaseGate,16,0.391495875,0.002420484,0.392741875,0.001839604,parallel_run_20260503_131828
ETTm1,336,CrossBranchGate,16,0.392243187,0.002425264,0.392820000,0.001778687,parallel_run_20260503_131828
ETTm1,336,FRWKV,16,0.391621125,0.001693691,0.392259562,0.001249564,parallel_run_20260503_131828
ETTm1,720,Adaptive PhaseGate,16,0.458674187,0.003434188,0.431821625,0.002757420,parallel_run_20260509_134027
ETTm1,720,FullContextDelta,16,0.457743125,0.003050605,0.430890375,0.002469285,parallel_run_20260508_212616
ETTm1,720,CrossBranchPhaseGate,16,0.457493375,0.002650552,0.430478125,0.001976281,parallel_run_20260503_131828
ETTm1,720,CrossBranchGate,16,0.458851562,0.003960447,0.431641625,0.002850858,parallel_run_20260503_131828
ETTm1,720,FRWKV,16,0.457817750,0.002375159,0.430444687,0.002324035,parallel_run_20260503_131828
ETTm2,96,Adaptive PhaseGate,16,0.172897937,0.001707623,0.250468250,0.000973089,parallel_run_20260509_134027
ETTm2,96,FullContextDelta,16,0.172626500,0.001617408,0.250272563,0.001079945,parallel_run_20260508_212616
ETTm2,96,CrossBranchPhaseGate,16,0.172640500,0.001914776,0.250269062,0.001133447,parallel_run_20260503_131828
ETTm2,96,CrossBranchGate,16,0.173089313,0.001800395,0.250396187,0.001234452,parallel_run_20260503_131828
ETTm2,96,FRWKV,16,0.172291875,0.001309414,0.249901500,0.000875298,parallel_run_20260503_131828
ETTm2,192,Adaptive PhaseGate,16,0.237185375,0.001544305,0.293095312,0.001034783,parallel_run_20260509_134027
ETTm2,192,FullContextDelta,16,0.238332500,0.001753533,0.293912125,0.001276879,parallel_run_20260508_212616
ETTm2,192,CrossBranchPhaseGate,16,0.237304437,0.002288242,0.293337063,0.001682875,parallel_run_20260503_131828
ETTm2,192,CrossBranchGate,16,0.238538562,0.002664753,0.294037000,0.001741618,parallel_run_20260503_131828
ETTm2,192,FRWKV,16,0.236944688,0.001474183,0.293115750,0.001092375,parallel_run_20260503_131828
ETTm2,336,Adaptive PhaseGate,16,0.296284938,0.002434103,0.332046562,0.001663407,parallel_run_20260509_134027
ETTm2,336,FullContextDelta,16,0.297041187,0.002278671,0.332683813,0.001478582,parallel_run_20260508_212616
ETTm2,336,CrossBranchPhaseGate,16,0.295693188,0.002102500,0.331655437,0.001399151,parallel_run_20260503_131828
ETTm2,336,CrossBranchGate,16,0.295565688,0.002424917,0.331382000,0.001623571,parallel_run_20260503_131828
ETTm2,336,FRWKV,16,0.295607562,0.002855273,0.331336375,0.001889594,parallel_run_20260503_131828
ETTm2,720,Adaptive PhaseGate,16,0.394118313,0.002872397,0.390073750,0.001717695,parallel_run_20260509_134027
ETTm2,720,FullContextDelta,16,0.393742563,0.003237657,0.389765750,0.001809023,parallel_run_20260508_212616
ETTm2,720,CrossBranchPhaseGate,16,0.393266125,0.003000058,0.389633937,0.001595242,parallel_run_20260503_131828
ETTm2,720,CrossBranchGate,16,0.394983688,0.003947021,0.390547375,0.002399723,parallel_run_20260503_131828
ETTm2,720,FRWKV,16,0.395355750,0.003581469,0.390505062,0.002116487,parallel_run_20260503_131828
Weather,96,Adaptive PhaseGate,16,0.159376500,0.001428990,0.195652750,0.001594749,parallel_run_20260509_134027
Weather,96,FullContextDelta,16,0.158902437,0.001630004,0.195451062,0.001692920,parallel_run_20260508_212616
Weather,96,CrossBranchPhaseGate,16,0.158825250,0.001049967,0.195417563,0.001075806,parallel_run_20260503_131828
Weather,96,CrossBranchGate,16,0.159178437,0.001321278,0.195778750,0.001347429,parallel_run_20260503_131828
Weather,96,FRWKV,16,0.158780750,0.001533452,0.195086938,0.001585235,parallel_run_20260503_131828
Weather,192,Adaptive PhaseGate,16,0.207244000,0.001259226,0.241702750,0.001444426,parallel_run_20260509_134027
Weather,192,FullContextDelta,16,0.207137375,0.001901741,0.241375438,0.001569346,parallel_run_20260508_212616
Weather,192,CrossBranchPhaseGate,16,0.206847250,0.001244035,0.241214750,0.000970530,parallel_run_20260503_131828
Weather,192,CrossBranchGate,16,0.207405250,0.001406787,0.241499313,0.001282609,parallel_run_20260503_131828
Weather,192,FRWKV,16,0.207207375,0.001375022,0.241506125,0.001418070,parallel_run_20260503_131828
Weather,336,Adaptive PhaseGate,16,0.264516562,0.001451333,0.284065000,0.001183358,parallel_run_20260509_134027
Weather,336,FullContextDelta,16,0.265039562,0.001368704,0.284458938,0.001066196,parallel_run_20260508_212616
Weather,336,CrossBranchPhaseGate,16,0.265629750,0.002022477,0.285191375,0.001500635,parallel_run_20260503_131828
Weather,336,CrossBranchGate,16,0.265621000,0.001436005,0.285126812,0.001135167,parallel_run_20260503_131828
Weather,336,FRWKV,16,0.264945938,0.001832317,0.284491188,0.001443032,parallel_run_20260503_131828
Weather,720,Adaptive PhaseGate,16,0.344554500,0.001982628,0.337539000,0.001485137,parallel_run_20260509_134027
Weather,720,FullContextDelta,16,0.345603000,0.002348826,0.338045188,0.001353918,parallel_run_20260508_212616
Weather,720,CrossBranchPhaseGate,16,0.344804375,0.002262443,0.337411250,0.001604649,parallel_run_20260503_131828
Weather,720,CrossBranchGate,16,0.344079937,0.001691261,0.336824875,0.001107299,parallel_run_20260503_131828
Weather,720,FRWKV,16,0.344610062,0.002169435,0.337500875,0.001466998,parallel_run_20260503_131828
Exchange,96,Adaptive PhaseGate,16,0.085215125,0.003124246,0.203775250,0.004365686,parallel_run_20260509_134027
Exchange,96,FullContextDelta,16,0.084474688,0.003442824,0.202637000,0.004368787,parallel_run_20260508_212616
Exchange,96,CrossBranchPhaseGate,16,0.084835187,0.003516904,0.202983438,0.004534245,parallel_run_20260503_131828
Exchange,96,CrossBranchGate,16,0.083772000,0.002257106,0.201821000,0.002764191,parallel_run_20260503_131828
Exchange,96,FRWKV,16,0.083812000,0.001329753,0.201724062,0.001835546,parallel_run_20260503_131828
Exchange,192,Adaptive PhaseGate,16,0.181380500,0.005197047,0.303106250,0.004886237,parallel_run_20260509_134027
Exchange,192,FullContextDelta,16,0.183495875,0.010815402,0.304545562,0.009492792,parallel_run_20260508_212616
Exchange,192,CrossBranchPhaseGate,16,0.187172875,0.008756415,0.308508125,0.007170929,parallel_run_20260503_131828
Exchange,192,CrossBranchGate,16,0.183615250,0.009872727,0.305383437,0.008888061,parallel_run_20260503_131828
Exchange,192,FRWKV,16,0.183545437,0.007466634,0.305163688,0.007186207,parallel_run_20260503_131828
Exchange,336,Adaptive PhaseGate,16,0.354617688,0.018491719,0.430134250,0.012336488,parallel_run_20260509_134027
Exchange,336,FullContextDelta,16,0.356056000,0.021083659,0.431138688,0.013717364,parallel_run_20260508_212616
Exchange,336,CrossBranchPhaseGate,16,0.349552250,0.015159892,0.427114500,0.010478703,parallel_run_20260503_131828
Exchange,336,CrossBranchGate,16,0.355223813,0.017278371,0.430670625,0.011371975,parallel_run_20260503_131828
Exchange,336,FRWKV,16,0.348120812,0.015408381,0.425912562,0.010779878,parallel_run_20260503_131828
Exchange,720,Adaptive PhaseGate,16,0.958786812,0.108593046,0.737159250,0.036655417,parallel_run_20260509_134027
Exchange,720,FullContextDelta,16,0.944582313,0.128438348,0.728859313,0.041139332,parallel_run_20260508_212616
Exchange,720,CrossBranchPhaseGate,16,0.977658563,0.149879604,0.738988750,0.047894632,parallel_run_20260503_131828
Exchange,720,CrossBranchGate,16,1.058883250,0.174568000,0.763611375,0.052603896,parallel_run_20260503_131828
Exchange,720,FRWKV,16,0.988746687,0.162282071,0.745339750,0.051164693,parallel_run_20260503_131828
ILI,24,Adaptive PhaseGate,16,1.533932312,0.079182931,0.740123063,0.019689448,parallel_run_20260509_134027
ILI,24,FullContextDelta,16,1.532681250,0.088572249,0.742040688,0.023171908,parallel_run_20260508_212616
ILI,24,CrossBranchPhaseGate,16,1.508343000,0.063125864,0.733417750,0.016393840,parallel_run_20260503_131828
ILI,24,CrossBranchGate,16,1.490984562,0.116891991,0.731714750,0.029483467,parallel_run_20260503_131828
ILI,24,FRWKV,16,1.479429875,0.061067578,0.730900688,0.015692023,parallel_run_20260503_131828
ILI,36,Adaptive PhaseGate,16,1.518012625,0.110213411,0.743346375,0.024807262,parallel_run_20260509_134027
ILI,36,FullContextDelta,16,1.519684063,0.084685598,0.747307250,0.022351608,parallel_run_20260508_212616
ILI,36,CrossBranchPhaseGate,16,1.565968000,0.113479833,0.758183562,0.028970057,parallel_run_20260503_131828
ILI,36,CrossBranchGate,16,1.565781813,0.083895157,0.755822500,0.019959064,parallel_run_20260503_131828
ILI,36,FRWKV,16,1.555126313,0.130498306,0.753047250,0.027671205,parallel_run_20260503_131828
ILI,48,Adaptive PhaseGate,16,1.860514688,0.052327857,0.822853250,0.013109928,parallel_run_20260509_134027
ILI,48,FullContextDelta,16,1.839568500,0.037271048,0.815718625,0.010082805,parallel_run_20260508_212616
ILI,48,CrossBranchPhaseGate,16,1.826360000,0.050292610,0.815754063,0.012568232,parallel_run_20260503_131828
ILI,48,CrossBranchGate,16,1.819728250,0.036655495,0.811281313,0.010932489,parallel_run_20260503_131828
ILI,48,FRWKV,16,1.849820250,0.033902185,0.819549500,0.009166523,parallel_run_20260503_131828
ILI,60,Adaptive PhaseGate,16,1.673812750,0.041361554,0.796737875,0.012123177,parallel_run_20260509_134027
ILI,60,FullContextDelta,16,1.672178125,0.021417092,0.795898125,0.008190575,parallel_run_20260508_212616
ILI,60,CrossBranchPhaseGate,16,1.674672625,0.034026556,0.795774250,0.010254739,parallel_run_20260503_131828
ILI,60,CrossBranchGate,16,1.672873813,0.027851237,0.795409562,0.007267544,parallel_run_20260503_131828
ILI,60,FRWKV,16,1.688559750,0.021923718,0.799736375,0.007023543,parallel_run_20260503_131828
