dataset,horizon,model,display_label,seed,mse,mae,run_id,source_file,source_kind,model_type,model_tag,config_name,selection_rule,candidate_count
ETTh1,336,Ours(selected),Ours(selected),2025,0.462054,0.440882,parallel_run_20260416_224740,experiment_runner/parallel_run_20260416_224740/status/kbs_adaptive_ms_etth1_pl336_seed2025_es16.json,selected_system_audit,frwkv_crossbranchphasegate_adaptive,kbs_adaptive_ms_etth1_pl336_seed2025_es16,,selected_system_audit_exact,1
ETTh1,336,FRWKV,FRWKV,2035,0.463846,0.440400,parallel_run_20260503_131828,experiment_runner/parallel_run_20260503_131828/status/kbs_fullabl16_frwkv_etth1_pl336_seed2035.json,status_json,frwkv,kbs_fullabl16_frwkv_etth1_pl336_seed2035,,best_single_run_by_mse_then_mae,32
ETTh1,336,CrossBranchGate,CrossBranchGate,2039,0.461025,0.439920,parallel_run_20260503_131828,experiment_runner/parallel_run_20260503_131828/status/kbs_fullabl16_crossbranchgate_etth1_pl336_seed2039.json,status_json,frwkv_crossbranchgate,kbs_fullabl16_crossbranchgate_etth1_pl336_seed2039,,best_single_run_by_mse_then_mae,32
ETTh1,336,CrossBranchPhaseGate,CrossBranchPhaseGate,2037,0.462180,0.439922,parallel_run_20260503_131828,experiment_runner/parallel_run_20260503_131828/status/kbs_fullabl16_crossbranchphasegate_etth1_pl336_seed2037.json,status_json,frwkv_crossbranchphasegate,kbs_fullabl16_crossbranchphasegate_etth1_pl336_seed2037,,best_single_run_by_mse_then_mae,32
ETTh1,720,Ours(selected),Ours(selected),2034,0.462557,0.460319,parallel_run_20260419_201650,experiment_runner/parallel_run_20260419_201650/status/kbs_mae_etth1_pl720_apg_es4_p24_r4_a006_bm30_seed2034.json,selected_system_audit,frwkv_crossbranchphasegate_adaptive,kbs_mae_etth1_pl720_apg_es4_p24_r4_a006_bm30_seed2034,,selected_system_audit_exact,1
ETTh1,720,FRWKV,FRWKV,2038,0.470105,0.468994,parallel_run_20260503_131828,experiment_runner/parallel_run_20260503_131828/status/kbs_fullabl16_frwkv_etth1_pl720_seed2038.json,status_json,frwkv,kbs_fullabl16_frwkv_etth1_pl720_seed2038,,best_single_run_by_mse_then_mae,32
ETTh1,720,CrossBranchGate,CrossBranchGate,2025,0.466277,0.461311,parallel_run_20260503_131828,experiment_runner/parallel_run_20260503_131828/status/kbs_fullabl16_crossbranchgate_etth1_pl720_seed2025.json,status_json,frwkv_crossbranchgate,kbs_fullabl16_crossbranchgate_etth1_pl720_seed2025,,best_single_run_by_mse_then_mae,32
ETTh1,720,CrossBranchPhaseGate,CrossBranchPhaseGate,2025,0.469290,0.466195,parallel_run_20260503_131828,experiment_runner/parallel_run_20260503_131828/status/kbs_fullabl16_crossbranchphasegate_etth1_pl720_seed2025.json,status_json,frwkv_crossbranchphasegate,kbs_fullabl16_crossbranchphasegate_etth1_pl720_seed2025,,best_single_run_by_mse_then_mae,32
ETTh2,96,Ours(selected),Ours(selected),2034,0.277616,0.327223,parallel_run_20260419_022815,experiment_runner/parallel_run_20260419_022815/status/kbs_search_etth2_pl96_p12_r2_a001_bm45_es16_seed2034.json,selected_system_audit,frwkv_crossbranchphasegate_adaptive,kbs_search_etth2_pl96_p12_r2_a001_bm45_es16_seed2034,,selected_system_audit_exact,1
ETTh2,96,FRWKV,FRWKV,2080,0.278895,0.327768,parallel_run_20260508_195512,experiment_runner/parallel_run_20260508_195512/status/kbs_family60_frwkv_etth2_pl96_seed2080.json,status_json,frwkv,kbs_family60_frwkv_etth2_pl96_seed2080,,best_single_run_by_mse_then_mae,177
ETTh2,96,CrossBranchGate,CrossBranchGate,2026,0.280456,0.329892,parallel_run_20260503_131828,experiment_runner/parallel_run_20260503_131828/status/kbs_fullabl16_crossbranchgate_etth2_pl96_seed2026.json,status_json,frwkv_crossbranchgate,kbs_fullabl16_crossbranchgate_etth2_pl96_seed2026,,best_single_run_by_mse_then_mae,89
ETTh2,96,CrossBranchPhaseGate,CrossBranchPhaseGate,2025,0.278386,0.327675,parallel_run_20260411_181159,experiment_runner/parallel_run_20260411_181159/logs/kbs_ablation_frwkv_crossbranchphasegate_etth2_pl96_seed2025.log,terminal_log,frwkv_crossbranchphasegate,kbs_ablation_frwkv_crossbranchphasegate_etth2_pl96_seed2025,,best_single_run_by_mse_then_mae,83
ETTh2,192,Ours(selected),Ours(selected),2028,0.358200,0.379347,parallel_run_20260416_224740,experiment_runner/parallel_run_20260416_224740/status/kbs_ablation_frwkv_crossbranchphasegate_adaptive_etth2_pl192_seed2028_es16.json,selected_system_audit,frwkv_crossbranchphasegate_adaptive,kbs_ablation_frwkv_crossbranchphasegate_adaptive_etth2_pl192_seed2028_es16,,selected_system_audit_exact,1
ETTh2,192,FRWKV,FRWKV,2024,0.359240,0.380126,parallel_run_20260416_224740,experiment_runner/parallel_run_20260416_224740/status/kbs_ablation_frwkv_etth2_pl192_seed2024_es16.json,status_json,frwkv,kbs_ablation_frwkv_etth2_pl192_seed2024_es16,,best_single_run_by_mse_then_mae,57
ETTh2,192,CrossBranchGate,CrossBranchGate,2024,0.357758,0.380370,parallel_run_20260407_161104,experiment_runner/parallel_run_20260407_161104/logs/frwkv_crossbranchgate_etth2_pl192_seed2024.log,summary_log,frwkv_crossbranchgate,formal_frwkv_crossbranchgate_etth2_pl192_seed2024,,best_single_run_by_mse_then_mae,65
ETTh2,192,CrossBranchPhaseGate,CrossBranchPhaseGate,2025,0.360488,0.381689,parallel_run_20260416_224740,experiment_runner/parallel_run_20260416_224740/status/kbs_ablation_frwkv_crossbranchphasegate_etth2_pl192_seed2025_es16.json,status_json,frwkv_crossbranchphasegate,kbs_ablation_frwkv_crossbranchphasegate_etth2_pl192_seed2025_es16,,best_single_run_by_mse_then_mae,68
ETTm1,96,Ours(selected),Ours(selected),2026,0.307998,0.339446,parallel_run_20260419_113220,experiment_runner/parallel_run_20260419_113220/status/kbs_release_ettm1_pl96_local_p48_r4_a0025_bm25_seed2026.json,selected_system_audit,frwkv_crossbranchphasegate_adaptive,kbs_release_ettm1_pl96_local_p48_r4_a0025_bm25_seed2026,,selected_system_audit_exact,1
ETTm1,96,FRWKV,FRWKV,2026,0.310890,0.345155,parallel_run_20260503_131828,experiment_runner/parallel_run_20260503_131828/status/kbs_fullabl16_frwkv_ettm1_pl96_seed2026.json,status_json,frwkv,kbs_fullabl16_frwkv_ettm1_pl96_seed2026,,best_single_run_by_mse_then_mae,32
ETTm1,96,CrossBranchGate,CrossBranchGate,2034,0.311303,0.344526,parallel_run_20260503_131828,experiment_runner/parallel_run_20260503_131828/status/kbs_fullabl16_crossbranchgate_ettm1_pl96_seed2034.json,status_json,frwkv_crossbranchgate,kbs_fullabl16_crossbranchgate_ettm1_pl96_seed2034,,best_single_run_by_mse_then_mae,32
ETTm1,96,CrossBranchPhaseGate,CrossBranchPhaseGate,2029,0.310231,0.341150,parallel_run_20260503_131828,experiment_runner/parallel_run_20260503_131828/status/kbs_fullabl16_crossbranchphasegate_ettm1_pl96_seed2029.json,status_json,frwkv_crossbranchphasegate,kbs_fullabl16_crossbranchphasegate_ettm1_pl96_seed2029,,best_single_run_by_mse_then_mae,32
ETTm1,192,Ours(selected),Ours(selected),2026,0.357307,0.369640,parallel_run_20260416_213910,experiment_runner/parallel_run_20260416_213910/status/kbs_ettm1_pl192_confirm_linear_base_seed2026.json,selected_system_audit,frwkv_crossbranchphasegate_adaptive_linearproj,kbs_ettm1_pl192_confirm_linear_base_seed2026,,selected_system_audit_exact,1
ETTm1,192,FRWKV,FRWKV,2029,0.356815,0.368051,parallel_run_20260503_131828,experiment_runner/parallel_run_20260503_131828/status/kbs_fullabl16_frwkv_ettm1_pl192_seed2029.json,status_json,frwkv,kbs_fullabl16_frwkv_ettm1_pl192_seed2029,,best_single_run_by_mse_then_mae,32
ETTm1,192,CrossBranchGate,CrossBranchGate,2024,0.357518,0.368348,parallel_run_20260503_131828,experiment_runner/parallel_run_20260503_131828/status/kbs_fullabl16_crossbranchgate_ettm1_pl192_seed2024.json,status_json,frwkv_crossbranchgate,kbs_fullabl16_crossbranchgate_ettm1_pl192_seed2024,,best_single_run_by_mse_then_mae,32
ETTm1,192,CrossBranchPhaseGate,CrossBranchPhaseGate,2026,0.356732,0.369055,parallel_run_20260503_131828,experiment_runner/parallel_run_20260503_131828/status/kbs_fullabl16_crossbranchphasegate_ettm1_pl192_seed2026.json,status_json,frwkv_crossbranchphasegate,kbs_fullabl16_crossbranchphasegate_ettm1_pl192_seed2026,,best_single_run_by_mse_then_mae,32
ETTm1,336,Ours(selected),Ours(selected),2025,0.389460,0.390789,parallel_run_20260415_233903,experiment_runner/parallel_run_20260415_233903/status/ettm1_pl336_pp48_r4_a0.05_b-3.0_es4_el3.json,selected_system_audit,frwkv_crossbranchphasegate_adaptive,ettm1_pl336_pp48_r4_a0.05_b-3.0_es4_el3,,selected_system_audit_exact,1
ETTm1,336,FRWKV,FRWKV,2037,0.389153,0.392034,parallel_run_20260503_131828,experiment_runner/parallel_run_20260503_131828/status/kbs_fullabl16_frwkv_ettm1_pl336_seed2037.json,status_json,frwkv,kbs_fullabl16_frwkv_ettm1_pl336_seed2037,,best_single_run_by_mse_then_mae,32
ETTm1,336,CrossBranchGate,CrossBranchGate,2037,0.388354,0.390047,parallel_run_20260503_131828,experiment_runner/parallel_run_20260503_131828/status/kbs_fullabl16_crossbranchgate_ettm1_pl336_seed2037.json,status_json,frwkv_crossbranchgate,kbs_fullabl16_crossbranchgate_ettm1_pl336_seed2037,,best_single_run_by_mse_then_mae,32
ETTm1,336,CrossBranchPhaseGate,CrossBranchPhaseGate,2039,0.388184,0.389498,parallel_run_20260503_131828,experiment_runner/parallel_run_20260503_131828/status/kbs_fullabl16_crossbranchphasegate_ettm1_pl336_seed2039.json,status_json,frwkv_crossbranchphasegate,kbs_fullabl16_crossbranchphasegate_ettm1_pl336_seed2039,,best_single_run_by_mse_then_mae,32
ETTm1,720,Ours(selected),Ours(selected),2025,0.452379,0.426739,parallel_run_20260416_115318,experiment_runner/parallel_run_20260416_115318/status/ettm1_pl720_pp144_r8_a0.10_b-2.0_es8_el2.json,selected_system_audit,frwkv_crossbranchphasegate_adaptive,ettm1_pl720_pp144_r8_a0.10_b-2.0_es8_el2,,selected_system_audit_exact,1
ETTm1,720,FRWKV,FRWKV,2025,0.453812,0.427153,parallel_run_20260503_131828,experiment_runner/parallel_run_20260503_131828/status/kbs_fullabl16_frwkv_ettm1_pl720_seed2025.json,status_json,frwkv,kbs_fullabl16_frwkv_ettm1_pl720_seed2025,,best_single_run_by_mse_then_mae,32
ETTm1,720,CrossBranchGate,CrossBranchGate,2032,0.454216,0.427359,parallel_run_20260503_131828,experiment_runner/parallel_run_20260503_131828/status/kbs_fullabl16_crossbranchgate_ettm1_pl720_seed2032.json,status_json,frwkv_crossbranchgate,kbs_fullabl16_crossbranchgate_ettm1_pl720_seed2032,,best_single_run_by_mse_then_mae,32
ETTm1,720,CrossBranchPhaseGate,CrossBranchPhaseGate,2026,0.453759,0.428833,parallel_run_20260503_131828,experiment_runner/parallel_run_20260503_131828/status/kbs_fullabl16_crossbranchphasegate_ettm1_pl720_seed2026.json,status_json,frwkv_crossbranchphasegate,kbs_fullabl16_crossbranchphasegate_ettm1_pl720_seed2026,,best_single_run_by_mse_then_mae,32
ETTm2,96,Ours(selected),Ours(selected),2024,0.170719,0.249356,parallel_run_20260503_131828,experiment_runner/parallel_run_20260503_131828/status/kbs_fullabl16_crossbranchgate_ettm2_pl96_seed2024.json,selected_system_audit,frwkv_crossbranchgate,kbs_fullabl16_crossbranchgate_ettm2_pl96_seed2024,,selected_system_audit_exact,1
ETTm2,96,FRWKV,FRWKV,2034,0.169811,0.248530,parallel_run_20260503_131828,experiment_runner/parallel_run_20260503_131828/status/kbs_fullabl16_frwkv_ettm2_pl96_seed2034.json,status_json,frwkv,kbs_fullabl16_frwkv_ettm2_pl96_seed2034,,best_single_run_by_mse_then_mae,32
ETTm2,96,CrossBranchGate,CrossBranchGate,2035,0.170652,0.248331,parallel_run_20260503_131828,experiment_runner/parallel_run_20260503_131828/status/kbs_fullabl16_crossbranchgate_ettm2_pl96_seed2035.json,status_json,frwkv_crossbranchgate,kbs_fullabl16_crossbranchgate_ettm2_pl96_seed2035,,best_single_run_by_mse_then_mae,34
ETTm2,96,CrossBranchPhaseGate,CrossBranchPhaseGate,2035,0.169214,0.248667,parallel_run_20260503_131828,experiment_runner/parallel_run_20260503_131828/status/kbs_fullabl16_crossbranchphasegate_ettm2_pl96_seed2035.json,status_json,frwkv_crossbranchphasegate,kbs_fullabl16_crossbranchphasegate_ettm2_pl96_seed2035,,best_single_run_by_mse_then_mae,32
ETTm2,192,Ours(selected),Ours(selected),2025,0.233051,0.290963,parallel_run_20260408_222932,experiment_runner/parallel_run_20260408_222932/logs/overnight_ETTm2_pl192_pp24_r2_a0.02_b-3.0.log,selected_system_audit,frwkv_crossbranchphasegate_adaptive,overnight_phasegate_ettm2_pl192_pp24_r2_a0.02_b-3.0_seed2025,,selected_system_audit_exact,1
ETTm2,192,FRWKV,FRWKV,2032,0.234651,0.291304,parallel_run_20260503_131828,experiment_runner/parallel_run_20260503_131828/status/kbs_fullabl16_frwkv_ettm2_pl192_seed2032.json,status_json,frwkv,kbs_fullabl16_frwkv_ettm2_pl192_seed2032,,best_single_run_by_mse_then_mae,32
ETTm2,192,CrossBranchGate,CrossBranchGate,2028,0.234504,0.291617,parallel_run_20260503_131828,experiment_runner/parallel_run_20260503_131828/status/kbs_fullabl16_crossbranchgate_ettm2_pl192_seed2028.json,status_json,frwkv_crossbranchgate,kbs_fullabl16_crossbranchgate_ettm2_pl192_seed2028,,best_single_run_by_mse_then_mae,32
ETTm2,192,CrossBranchPhaseGate,CrossBranchPhaseGate,2036,0.234149,0.291112,parallel_run_20260503_131828,experiment_runner/parallel_run_20260503_131828/status/kbs_fullabl16_crossbranchphasegate_ettm2_pl192_seed2036.json,status_json,frwkv_crossbranchphasegate,kbs_fullabl16_crossbranchphasegate_ettm2_pl192_seed2036,,best_single_run_by_mse_then_mae,32
ETTm2,336,Ours(selected),Ours(selected),2025,0.291799,0.328495,parallel_run_20260416_224740,experiment_runner/parallel_run_20260416_224740/status/kbs_adaptive_ms_ettm2_pl336_seed2025_es16.json,selected_system_audit,frwkv_crossbranchphasegate_adaptive,kbs_adaptive_ms_ettm2_pl336_seed2025_es16,,selected_system_audit_exact,1
ETTm2,336,FRWKV,FRWKV,2036,0.291290,0.328843,parallel_run_20260503_131828,experiment_runner/parallel_run_20260503_131828/status/kbs_fullabl16_frwkv_ettm2_pl336_seed2036.json,status_json,frwkv,kbs_fullabl16_frwkv_ettm2_pl336_seed2036,,best_single_run_by_mse_then_mae,32
ETTm2,336,CrossBranchGate,CrossBranchGate,2036,0.292056,0.329219,parallel_run_20260503_131828,experiment_runner/parallel_run_20260503_131828/status/kbs_fullabl16_crossbranchgate_ettm2_pl336_seed2036.json,status_json,frwkv_crossbranchgate,kbs_fullabl16_crossbranchgate_ettm2_pl336_seed2036,,best_single_run_by_mse_then_mae,32
ETTm2,336,CrossBranchPhaseGate,CrossBranchPhaseGate,2033,0.292038,0.329016,parallel_run_20260503_131828,experiment_runner/parallel_run_20260503_131828/status/kbs_fullabl16_crossbranchphasegate_ettm2_pl336_seed2033.json,status_json,frwkv_crossbranchphasegate,kbs_fullabl16_crossbranchphasegate_ettm2_pl336_seed2033,,best_single_run_by_mse_then_mae,32
ETTm2,720,Ours(selected),Ours(selected),2026,0.389563,0.387606,parallel_run_20260503_131828,experiment_runner/parallel_run_20260503_131828/status/kbs_fullabl16_crossbranchgate_ettm2_pl720_seed2026.json,selected_system_audit,frwkv_crossbranchgate,kbs_fullabl16_crossbranchgate_ettm2_pl720_seed2026,,selected_system_audit_exact,1
ETTm2,720,FRWKV,FRWKV,2031,0.390068,0.387438,parallel_run_20260503_131828,experiment_runner/parallel_run_20260503_131828/status/kbs_fullabl16_frwkv_ettm2_pl720_seed2031.json,status_json,frwkv,kbs_fullabl16_frwkv_ettm2_pl720_seed2031,,best_single_run_by_mse_then_mae,32
ETTm2,720,CrossBranchGate,CrossBranchGate,2026,0.389563,0.387606,parallel_run_20260503_131828,experiment_runner/parallel_run_20260503_131828/status/kbs_fullabl16_crossbranchgate_ettm2_pl720_seed2026.json,status_json,frwkv_crossbranchgate,kbs_fullabl16_crossbranchgate_ettm2_pl720_seed2026,,best_single_run_by_mse_then_mae,32
ETTm2,720,CrossBranchPhaseGate,CrossBranchPhaseGate,2036,0.387390,0.386488,parallel_run_20260503_131828,experiment_runner/parallel_run_20260503_131828/status/kbs_fullabl16_crossbranchphasegate_ettm2_pl720_seed2036.json,status_json,frwkv_crossbranchphasegate,kbs_fullabl16_crossbranchphasegate_ettm2_pl720_seed2036,,best_single_run_by_mse_then_mae,32
Weather,96,Ours(selected),Ours(selected),2025,0.156426,0.193769,parallel_run_20260408_093213,experiment_runner/parallel_run_20260408_093213/logs/frwkv_phasegate_transfer_weather_pl96_pp12_seed2025.log,selected_system_audit,frwkv_crossbranchphasegate_adaptive,phasegate_transfer_sweep_weather_pl96_pp12_seed2025,,selected_system_audit_exact,1
Weather,96,FRWKV,FRWKV,2027,0.155954,0.191429,parallel_run_20260503_131828,experiment_runner/parallel_run_20260503_131828/status/kbs_fullabl16_frwkv_weather_pl96_seed2027.json,status_json,frwkv,kbs_fullabl16_frwkv_weather_pl96_seed2027,,best_single_run_by_mse_then_mae,32
Weather,96,CrossBranchGate,CrossBranchGate,2029,0.156752,0.193360,parallel_run_20260503_131828,experiment_runner/parallel_run_20260503_131828/status/kbs_fullabl16_crossbranchgate_weather_pl96_seed2029.json,status_json,frwkv_crossbranchgate,kbs_fullabl16_crossbranchgate_weather_pl96_seed2029,,best_single_run_by_mse_then_mae,32
Weather,96,CrossBranchPhaseGate,CrossBranchPhaseGate,2027,0.156948,0.194849,parallel_run_20260503_131828,experiment_runner/parallel_run_20260503_131828/status/kbs_fullabl16_crossbranchphasegate_weather_pl96_seed2027.json,status_json,frwkv_crossbranchphasegate,kbs_fullabl16_crossbranchphasegate_weather_pl96_seed2027,,best_single_run_by_mse_then_mae,32
Weather,192,Ours(selected),Ours(selected),2028,0.205043,0.238439,parallel_run_20260411_181159,experiment_runner/parallel_run_20260411_181159/logs/kbs_adaptive_ms_weather_pl192_seed2028.log,selected_system_audit,frwkv_crossbranchphasegate_adaptive,kbs_adaptive_ms_weather_pl192_seed2028,,selected_system_audit_exact,1
Weather,192,FRWKV,FRWKV,2038,0.204743,0.241088,parallel_run_20260503_131828,experiment_runner/parallel_run_20260503_131828/status/kbs_fullabl16_frwkv_weather_pl192_seed2038.json,status_json,frwkv,kbs_fullabl16_frwkv_weather_pl192_seed2038,,best_single_run_by_mse_then_mae,32
Weather,192,CrossBranchGate,CrossBranchGate,2034,0.205015,0.238888,parallel_run_20260503_131828,experiment_runner/parallel_run_20260503_131828/status/kbs_fullabl16_crossbranchgate_weather_pl192_seed2034.json,status_json,frwkv_crossbranchgate,kbs_fullabl16_crossbranchgate_weather_pl192_seed2034,,best_single_run_by_mse_then_mae,32
Weather,192,CrossBranchPhaseGate,CrossBranchPhaseGate,2027,0.205078,0.239950,parallel_run_20260503_131828,experiment_runner/parallel_run_20260503_131828/status/kbs_fullabl16_crossbranchphasegate_weather_pl192_seed2027.json,status_json,frwkv_crossbranchphasegate,kbs_fullabl16_crossbranchphasegate_weather_pl192_seed2027,,best_single_run_by_mse_then_mae,32
Weather,336,Ours(selected),Ours(selected),2024,0.263671,0.282206,parallel_run_20260411_181159,experiment_runner/parallel_run_20260411_181159/logs/kbs_adaptive_ms_weather_pl336_seed2024.log,selected_system_audit,frwkv_crossbranchphasegate_adaptive,kbs_adaptive_ms_weather_pl336_seed2024,,selected_system_audit_exact,1
Weather,336,FRWKV,FRWKV,2029,0.260949,0.281635,parallel_run_20260503_131828,experiment_runner/parallel_run_20260503_131828/status/kbs_fullabl16_frwkv_weather_pl336_seed2029.json,status_json,frwkv,kbs_fullabl16_frwkv_weather_pl336_seed2029,,best_single_run_by_mse_then_mae,32
Weather,336,CrossBranchGate,CrossBranchGate,2036,0.262327,0.283137,parallel_run_20260503_131828,experiment_runner/parallel_run_20260503_131828/status/kbs_fullabl16_crossbranchgate_weather_pl336_seed2036.json,status_json,frwkv_crossbranchgate,kbs_fullabl16_crossbranchgate_weather_pl336_seed2036,,best_single_run_by_mse_then_mae,32
Weather,336,CrossBranchPhaseGate,CrossBranchPhaseGate,2029,0.262369,0.283104,parallel_run_20260503_131828,experiment_runner/parallel_run_20260503_131828/status/kbs_fullabl16_crossbranchphasegate_weather_pl336_seed2029.json,status_json,frwkv_crossbranchphasegate,kbs_fullabl16_crossbranchphasegate_weather_pl336_seed2029,,best_single_run_by_mse_then_mae,32
Weather,720,Ours(selected),Ours(selected),2033,0.341614,0.335317,parallel_run_20260418_161524,experiment_runner/parallel_run_20260418_161524/status/kbs_encattn_weather_pl720_linattn_seed2033.json,selected_system_audit,frwkv_crossbranchphasegate_adaptive,kbs_encattn_weather_pl720_linattn_seed2033,,selected_system_audit_exact,1
Weather,720,FRWKV,FRWKV,2028,0.341823,0.335278,parallel_run_20260503_131828,experiment_runner/parallel_run_20260503_131828/status/kbs_fullabl16_frwkv_weather_pl720_seed2028.json,status_json,frwkv,kbs_fullabl16_frwkv_weather_pl720_seed2028,,best_single_run_by_mse_then_mae,32
Weather,720,CrossBranchGate,CrossBranchGate,2034,0.341078,0.334669,parallel_run_20260503_131828,experiment_runner/parallel_run_20260503_131828/status/kbs_fullabl16_crossbranchgate_weather_pl720_seed2034.json,status_json,frwkv_crossbranchgate,kbs_fullabl16_crossbranchgate_weather_pl720_seed2034,,best_single_run_by_mse_then_mae,32
Weather,720,CrossBranchPhaseGate,CrossBranchPhaseGate,2039,0.342125,0.335552,parallel_run_20260503_131828,experiment_runner/parallel_run_20260503_131828/status/kbs_fullabl16_crossbranchphasegate_weather_pl720_seed2039.json,status_json,frwkv_crossbranchphasegate,kbs_fullabl16_crossbranchphasegate_weather_pl720_seed2039,,best_single_run_by_mse_then_mae,32
Exchange,192,Ours(selected),Ours(selected),2027,0.172078,0.295598,parallel_run_20260411_220655,experiment_runner/parallel_run_20260411_220655/logs/kbs_ablation_frwkv_crossbranchphasegate_adaptive_exchange_pl192_seed2027.log,selected_system_audit,frwkv_crossbranchphasegate_adaptive,kbs_ablation_frwkv_crossbranchphasegate_adaptive_exchange_pl192_seed2027,,selected_system_audit_exact,1
Exchange,192,FRWKV,FRWKV,2031,0.171451,0.293754,parallel_run_20260503_131828,experiment_runner/parallel_run_20260503_131828/status/kbs_fullabl16_frwkv_exchange_pl192_seed2031.json,status_json,frwkv,kbs_fullabl16_frwkv_exchange_pl192_seed2031,,best_single_run_by_mse_then_mae,57
Exchange,192,CrossBranchGate,CrossBranchGate,2029,0.173569,0.296024,parallel_run_20260503_131828,experiment_runner/parallel_run_20260503_131828/status/kbs_fullabl16_crossbranchgate_exchange_pl192_seed2029.json,status_json,frwkv_crossbranchgate,kbs_fullabl16_crossbranchgate_exchange_pl192_seed2029,,best_single_run_by_mse_then_mae,57
Exchange,192,CrossBranchPhaseGate,CrossBranchPhaseGate,2028,0.174945,0.297236,parallel_run_20260416_224740,experiment_runner/parallel_run_20260416_224740/status/kbs_ablation_frwkv_crossbranchphasegate_exchange_pl192_seed2028_es16.json,status_json,frwkv_crossbranchphasegate,kbs_ablation_frwkv_crossbranchphasegate_exchange_pl192_seed2028_es16,,best_single_run_by_mse_then_mae,67
Exchange,336,Ours(selected),Ours(selected),2033,0.315031,0.404994,parallel_run_20260418_232012,experiment_runner/parallel_run_20260418_232012/status/kbs_release_anchor_exchange336_a_l1l2_r4_a02_b30_seed2033.json,selected_system_audit,frwkv_crossbranchphasegate_adaptive,kbs_release_anchor_exchange336_a_l1l2_r4_a02_b30_seed2033,,selected_system_audit_exact,1
Exchange,336,FRWKV,FRWKV,2026,0.321252,0.406821,parallel_run_20260503_131828,experiment_runner/parallel_run_20260503_131828/status/kbs_fullabl16_frwkv_exchange_pl336_seed2026.json,status_json,frwkv,kbs_fullabl16_frwkv_exchange_pl336_seed2026,,best_single_run_by_mse_then_mae,92
Exchange,336,CrossBranchGate,CrossBranchGate,2033,0.330749,0.414513,parallel_run_20260418_191752,experiment_runner/parallel_run_20260418_191752/status/kbs_search_exchange_pl336_frwkv_crossbranchgate_es1_l1_base_seed2033.json,status_json,frwkv_crossbranchgate,kbs_search_exchange_pl336_frwkv_crossbranchgate_es1_l1_base_seed2033,,best_single_run_by_mse_then_mae,92
Exchange,336,CrossBranchPhaseGate,CrossBranchPhaseGate,2038,0.331565,0.415426,parallel_run_20260503_131828,experiment_runner/parallel_run_20260503_131828/status/kbs_fullabl16_crossbranchphasegate_exchange_pl336_seed2038.json,status_json,frwkv_crossbranchphasegate,kbs_fullabl16_crossbranchphasegate_exchange_pl336_seed2038,,best_single_run_by_mse_then_mae,80
ILI,36,Ours(selected),Ours(selected),2025,1.391716,0.714074,parallel_run_20260416_224740,experiment_runner/parallel_run_20260416_224740/status/kbs_ablation_frwkv_crossbranchphasegate_adaptive_ili_pl36_seed2025_es16.json,selected_system_audit,frwkv_crossbranchphasegate_adaptive,kbs_ablation_frwkv_crossbranchphasegate_adaptive_ili_pl36_seed2025_es16,,selected_system_audit_exact,1
ILI,36,FRWKV,FRWKV,2039,1.438807,0.727225,parallel_run_20260503_131828,experiment_runner/parallel_run_20260503_131828/status/kbs_fullabl16_frwkv_ili_pl36_seed2039.json,status_json,frwkv,kbs_fullabl16_frwkv_ili_pl36_seed2039,,best_single_run_by_mse_then_mae,72
ILI,36,CrossBranchGate,CrossBranchGate,2024,1.426224,0.719247,parallel_run_20260416_224740,experiment_runner/parallel_run_20260416_224740/status/kbs_ablation_frwkv_crossbranchgate_ili_pl36_seed2024_es16.json,status_json,frwkv_crossbranchgate,kbs_ablation_frwkv_crossbranchgate_ili_pl36_seed2024_es16,,best_single_run_by_mse_then_mae,57
ILI,36,CrossBranchPhaseGate,CrossBranchPhaseGate,2024,1.409921,0.715420,parallel_run_20260416_224740,experiment_runner/parallel_run_20260416_224740/status/kbs_ablation_frwkv_crossbranchphasegate_ili_pl36_seed2024_es16.json,status_json,frwkv_crossbranchphasegate,kbs_ablation_frwkv_crossbranchphasegate_ili_pl36_seed2024_es16,,best_single_run_by_mse_then_mae,67
